{
  "model": "LightGBM V2 Weight + Threshold \u2014 Test",
  "accuracy": 0.7832381174458825,
  "macro_f1": 0.7037018470872188,
  "weighted_f1": 0.788775923531898,
  "esi3_precision": 0.9156193895870736,
  "esi3_recall": 0.8071919217498654,
  "esi3_f1": 0.8579936407530155,
  "esi4_precision": 0.6408960253741699,
  "esi4_recall": 0.7861876101890692,
  "esi4_f1": 0.706145739481803,
  "esi5_precision": 0.5460104834012813,
  "esi5_recall": 0.5479251899473991,
  "esi5_f1": 0.5469661610268378,
  "esi3_to_esi5_count": 215,
  "esi3_to_esi5_rate": 0.006805735810832199
}